Value,Description
0,Axis_minimum_for_realtime_plot
0.6,Axis_maximum_for_realtime_plot
0.1,CV_ie_SD/mean_for_preference_parameters
0.1,CV_ie_SD/mean_for_maximum_uptake_rates_need_to_be_about_10x_smaller_than_other_classes
0.1,CV_ie_SD/mean_for_half_saturation_coef_need_to_be_about_10x_smaller_than_other_classes
0.1,CV_ie_SD/mean_for_microbial_rates_can_be_about_10x_larger_than_other_calsses
0.1,CV_ie_SD/mean_for_density_dependent_mortality_parameters
0.1,CV_ie_SD/mean_for_other_parameters
